Raw Image,Processed Image,MSE,PSNR,SSIM
test_0001.png,test_0001_processed.png,26.24859579248366,33.93974285731178,0.9489677136845663

AVERAGE,,26.24859579248366,33.93974285731178,0.9489677136845663
