Raw Image,Processed Image,MSE,PSNR,SSIM
test_0001.jpg,test_0001_processed.jpg,1.3554844326443143,46.8098582667217,0.9996210633722985

AVERAGE,,1.3554844326443143,46.8098582667217,0.9996210633722985
